Number,Gender,NameSet,Title,GivenName,MiddleInitial,Surname,StreetAddress,City,State,StateFull,ZipCode,Country,CountryFull,EmailAddress,Username,Password,BrowserUserAgent,TelephoneNumber,TelephoneCountryCode,MothersMaiden,Birthday,TropicalZodiac,CCType,CCNumber,CVV2,CCExpires,NationalID,UPS,WesternUnionMTCN,MoneyGramMTCN,Color,Occupation,Company,Vehicle,Domain,BloodType,Pounds,Kilograms,FeetInches,Centimeters,GUID,Latitude,Longitude
1,male,French,Mr.,Christien,E,Plourde,"Rue de la Poste 333",Puurs,VAN,Antwerp,2870,BE,Belgium,ChristienPlourde@cuvox.de,Nust1922,YeiVi7pee,"Mozilla/5.0 (Windows NT 6.3; WOW64) AppleWebKit/537.36 (KHTML, like Gecko) Chrome/46.0.2490.86 Safari/537.36","0498 90 38 99",32,Bergeron,11/12/1922,Scorpio,Visa,4539206272964805,106,7/2018,,"1Z 3E9 F93 38 0173 460 3",4874912132,50555607,Blue,"Occupational analyst","Twin Electronics","2005 Dodge Nitro",BankingVentures.be,B+,165.0,75.0,"5' 11""",181,69cdad15-27c4-4f40-a844-41bc22745360,51.119705,4.229143
2,male,French,Mr.,Hugues,A,Coulombe,"Rue des Buissons 424",Rumillies,WHT,Hainaut,7540,BE,Belgium,HuguesCoulombe@rhyta.com,Prockleart,rejohlio9Kei,"Mozilla/5.0 (Windows NT 6.3; WOW64) AppleWebKit/537.36 (KHTML, like Gecko) Chrome/46.0.2490.86 Safari/537.36","0499 23 26 26",32,Laisné,1/25/2013,Aquarius,Visa,4556892622768299,725,10/2019,,"1Z 835 977 33 6538 342 2",0896345432,02034976,Blue,"City planner","Kohl's Food Stores","2006 Nissan Altima",MalpracticeBoard.be,AB+,22.0,10.0,"2' 9""",84,e51299d9-0672-480c-bacb-6a037c972494,50.60397,3.310242
3,male,French,Mr.,Xavier,X,Garreau,"Rue des Taillis 236",Givry,WHT,Hainaut,7041,BE,Belgium,XavierGarreau@armyspy.com,Prith1962,teeshee9Yae,"Mozilla/5.0 (Windows NT 6.1; WOW64) AppleWebKit/537.36 (KHTML, like Gecko) Chrome/46.0.2490.86 Safari/537.36","0490 80 00 29",32,Devoe,8/15/1962,Leo,Visa,4539649829274212,970,10/2019,,"1Z 081 838 79 9795 704 5",5312282885,19900984,Blue,"Freight, stock, and material mover","Beasts of Beauty","1994 Subaru Vivio",PlayVarsity.be,O+,163.5,74.3,"5' 9""",174,ac41f7d8-2312-44d5-9613-77ce1c80224b,50.362015,3.971028
4,male,French,Mr.,Artus,F,Levasseur,"Rue Henri Lambert 184",Harmignies,WHT,Hainaut,7022,BE,Belgium,ArtusLevasseur@dayrep.com,Lanxim38,ahdee1Soh6,"Mozilla/5.0 (Macintosh; Intel Mac OS X 10_10_5) AppleWebKit/537.36 (KHTML, like Gecko) Chrome/46.0.2490.86 Safari/537.36","0487 63 80 50",32,Bois,5/4/1938,Taurus,Visa,4716880523808790,826,3/2018,,"1Z 623 E21 85 4271 060 2",0439540250,96802202,Blue,"Apparel worker","Dick Fischers","1999 Alpina B6",SocialChair.be,O+,197.1,89.6,"6' 0""",182,c226c189-4fee-4b3d-a9ed-d1738f49e30d,50.373353,4.04888
5,female,French,Ms.,Dorothée,R,Covillon,"Stationsstraat 372",Itterbeek,VBR,"Flemish Brabant",1701,BE,Belgium,DorotheeCovillon@rhyta.com,Dosever,aec8baisaiB,"Mozilla/5.0 (Macintosh; Intel Mac OS X 10_11_1) AppleWebKit/537.36 (KHTML, like Gecko) Chrome/46.0.2490.86 Safari/537.36","0496 69 86 80",32,Labossière,1/21/2004,Aquarius,MasterCard,5493184474224602,359,6/2020,,"1Z 7A2 810 37 6282 616 5",7077009002,49283489,Black,Hanger,"Infinite Wealth Planners","2003 Mitsubishi Pajero",LoudCrowds.be,O+,129.4,58.8,"4' 5""",135,05e21a6a-13e6-43c1-bd28-1cb78b730de7,50.926825,4.303337
6,female,French,Mrs.,Pauline,R,LaGarde,"Strepestraat 232",Lanaye,WLG,Liège,4600,BE,Belgium,PaulineLaGarde@rhyta.com,Reamom,Gohthar1Rei,"Mozilla/5.0 (Macintosh; Intel Mac OS X 10_11_1) AppleWebKit/601.2.7 (KHTML, like Gecko) Version/9.0.1 Safari/601.2.7","0495 47 74 84",32,Drouin,12/30/1976,Capricorn,MasterCard,5399057561778539,215,6/2019,,"1Z 582 8F7 83 1815 486 9",8276182729,10152852,Purple,"Middle school teacher","Egghead Software","2003 Jensen SV-8",CPAPost.be,A+,117.0,53.2,"5' 7""",169,2badd1d7-c12d-4bb7-ab76-ca1099eaa684,50.695664,5.782206
7,male,French,Dr.,Huon,F,Bossé,"Korte Noordsstraat 305",Val-Meer,VLI,Limburg,3770,BE,Belgium,HuonBosse@dayrep.com,Aidly1942,Achoivee8s,"Mozilla/5.0 (Macintosh; Intel Mac OS X 10_11_1) AppleWebKit/537.36 (KHTML, like Gecko) Chrome/46.0.2490.86 Safari/537.36","0474 12 19 49",32,LaGarde,7/9/1942,Cancer,Visa,4929565943316903,443,8/2016,,"1Z 739 56Y 84 2178 301 5",8479949440,71127049,Blue,"Central office operator","Lindsley's Lumber","2006 TVR Tamora",SohoSigns.be,O+,175.8,79.9,"5' 6""",167,b227c3d2-62bb-4cba-bda6-811d21713b3d,50.797887,5.591366
8,male,French,Mr.,Arno,N,Clément,"Rue de Vonêche 355",Goutroux,WLX,Luxembourg,6030,BE,Belgium,ArnoClement@gustr.com,Shopeors,Faet7LeGaeb2,"Mozilla/5.0 (Windows NT 10.0; WOW64) AppleWebKit/537.36 (KHTML, like Gecko) Chrome/46.0.2490.86 Safari/537.36","0485 14 76 19",32,Hervieux,9/30/1977,Libra,MasterCard,5292208463533153,072,2/2020,,"1Z 679 072 98 1268 283 3",4643491487,51470039,Black,"Office manager",JumboSports,"1999 Nissan Pickup",WebLogInsider.be,O+,236.9,107.7,"5' 8""",173,11122d27-5c9b-40f5-a23c-a3e194518e08,50.453716,4.438934
9,female,French,Ms.,Amarante,S,Rouleau,"Eikstraat 36",Bellegem,VWV,"West Flanders",8510,BE,Belgium,AmaranteRouleau@rhyta.com,Grooduchere05,Ii0eefah3,"Mozilla/5.0 (Macintosh; Intel Mac OS X 10_11_1) AppleWebKit/601.2.7 (KHTML, like Gecko) Version/9.0.1 Safari/601.2.7","0485 68 52 77",32,Huot,2/18/2005,Aquarius,Visa,4539418499486310,654,6/2020,,"1Z 80V 709 73 5997 566 2",2552844802,23806427,Red,"Athletic training instructor",Patterson-Fletcher,"2010 Fiat Linea",FakeFrames.be,B+,73.7,33.5,"4' 2""",127,cfb66e37-d320-46c7-ac7a-1da5eec4d7f6,50.746453,3.192247
10,female,French,Ms.,Maurelle,A,Course,"Bessenveldstraat 267",Montegnée,WLG,Liège,4420,BE,Belgium,MaurelleCourse@rhyta.com,Gonathe,angoiN4ae,"Mozilla/5.0 (Windows NT 10.0; WOW64) AppleWebKit/537.36 (KHTML, like Gecko) Chrome/46.0.2490.86 Safari/537.36","0476 27 29 13",32,Sylvain,12/10/1959,Sagittarius,Visa,4556420800035578,943,4/2017,,"1Z 038 486 85 0129 720 3",3768944656,11592818,Silver,Lifeguard,"Access Asia","1994 Ford Scorpio",NameRecipe.be,O+,184.8,84.0,"5' 4""",162,2ed3bdf3-2b74-491a-8557-dff3a0cf051b,50.7092,5.53616
11,female,French,Ms.,Blanche,R,Belisle,"Heirstraat 126",Manhay,WHT,Hainaut,6960,BE,Belgium,BlancheBelisle@teleworm.us,Twoubleff,ieQui6pah,"Mozilla/5.0 (X11; Linux x86_64; rv:42.0) Gecko/20100101 Firefox/42.0","0479 75 96 31",32,Givry,9/15/1947,Virgo,Visa,4532051310577285,236,9/2019,,"1Z 981 84F 82 1987 278 3",3663839637,26727810,Purple,"Tour bus driver","Golden Dawn","1995 Chevrolet Tracker",RankLinking.be,B+,224.0,101.8,"5' 0""",153,7024912d-2495-40ab-8262-281aad113610,50.428038,5.570031
12,male,French,Mr.,Cloridan,L,Sauriol,"Rue Grande 452",Baillamont,WNA,Namur,5555,BE,Belgium,CloridanSauriol@fleckens.hu,Doneshearn,IQu5gonguu,"Mozilla/5.0 (Windows NT 6.1; WOW64; rv:42.0) Gecko/20100101 Firefox/42.0","0486 17 64 75",32,Hughes,2/28/1924,Pisces,MasterCard,5134651702651637,622,3/2018,,"1Z 902 304 67 5684 775 8",0327654909,09276579,Green,"Wildlife officer",Chandler's,"1995 Buick XP2000",RandomVisitor.be,B+,146.7,66.7,"5' 5""",166,4a050b74-c81f-44f4-91aa-ed162722b905,49.920391,5.155115
13,male,French,Mr.,Richard,G,Grandpré,"Rue Henri Lambert 443",Hastière-Lavaux,WNA,Namur,5540,BE,Belgium,RichardGrandpre@armyspy.com,Occe1976,jeijaiGh5ee,"Mozilla/5.0 (Windows NT 6.3; WOW64) AppleWebKit/537.36 (KHTML, like Gecko) Chrome/47.0.2526.73 Safari/537.36","0487 77 05 06",32,Langlois,9/2/1976,Virgo,MasterCard,5361339944167927,721,10/2016,,"1Z 957 9F0 55 3446 579 9",7395981131,67841808,Red,"Boiler operator","KB Toys","1996 Rover 220",BenchMats.be,O+,224.4,102.0,"6' 1""",185,0a96792a-e1a9-495b-bd0d-4ec1c61eb956,50.2229,4.820726
14,male,French,Mr.,Sacripant,D,Mouet,"Rue de la Sarthe 241",Horpmaal,VLI,Limburg,3870,BE,Belgium,SacripantMouet@teleworm.us,Cred1929,Thaesh4quee,"Mozilla/5.0 (iPad; CPU OS 9_1 like Mac OS X) AppleWebKit/601.1.46 (KHTML, like Gecko) Version/9.0 Mobile/13B143 Safari/601.1","0492 72 22 56",32,Descoteaux,7/3/1929,Cancer,MasterCard,5236161482051831,876,5/2018,,"1Z 806 76A 94 8768 285 0",5675423559,80883734,Blue,"Heavy truck and tractor-trailer driver","Home Quarters Warehouse","2015 Chevrolet Express",PaidMall.be,O+,191.2,86.9,"5' 4""",163,cea30e3c-7922-412e-8784-336b3dd6bf01,50.81784,5.216364
15,male,French,Mr.,Ray,A,Baron,"Heuvenstraat 475",Zoutleeuw,VBR,"Flemish Brabant",3440,BE,Belgium,RayBaron@rhyta.com,Mosorchat,Erai5Nae2S,"Mozilla/5.0 (Macintosh; Intel Mac OS X 10_11_1) AppleWebKit/601.2.7 (KHTML, like Gecko) Version/9.0.1 Safari/601.2.7","0487 34 12 85",32,Sauriol,9/20/1956,Virgo,MasterCard,5145412806920031,173,1/2020,,"1Z 747 806 96 7290 905 2",4033130048,78126740,Blue,"U.S. Border Patrol agent",Sportswest,"2000 Alfa Romeo 145",TwistedFan.be,O+,173.6,78.9,"6' 0""",184,1a023563-9cf7-4078-af13-8703156526fb,50.899044,5.143143
16,female,French,Ms.,Belda,G,Gareau,"Orchideeenlaan 37",Melsbroek,VBR,"Flemish Brabant",1820,BE,Belgium,BeldaGareau@superrito.com,Wereace1987,zoiYeigh3Ed,"Mozilla/5.0 (Windows NT 6.3; WOW64; Trident/7.0; rv:11.0) like Gecko","0478 84 36 80",32,Trudeau,2/15/1987,Aquarius,MasterCard,5305117754230517,143,3/2018,,"1Z 356 714 34 2277 778 0",9352606986,03818955,Purple,"Sewage treatment plant operator",Erlebacher's,"2002 Vauxhall Agila",FabulousAgents.be,A+,167.9,76.3,"5' 3""",161,2f4ae554-b68b-4718-ad84-f783999d11ca,51.02306,4.592164
17,male,French,Mr.,Bayard,V,Duperré,"Route de Vonèche 486",Viemme,WLG,Liège,4317,BE,Belgium,BayardDuperre@einrot.com,Whadeand1999,ii3Mei4Noo5w,"Mozilla/5.0 (Windows NT 6.1; WOW64) AppleWebKit/537.36 (KHTML, like Gecko) Chrome/46.0.2490.86 Safari/537.36","0489 64 30 29",32,Josseaume,10/13/1999,Libra,Visa,4916328741765721,419,11/2020,,"1Z 1V5 286 10 8387 316 9",1538229626,63112411,Red,"Manufactured building and mobile home installer","Farmer Jack","2000 Honda HR-V",RackRewards.be,AB+,111.8,50.8,"6' 0""",184,63c0e717-040b-45f6-a8e0-e483d8d9382b,50.611456,5.359223
18,male,French,Mr.,Evrard,B,Bourdette,"Perksesteenweg 233",Mouland,VLI,Limburg,3790,BE,Belgium,EvrardBourdette@jourrapide.com,Vinal1983,zeeKohj4git,"Mozilla/5.0 (Windows NT 6.1; WOW64; rv:38.0) Gecko/20100101 Firefox/38.0","0488 74 17 05",32,Simon,2/7/1983,Aquarius,Visa,4929055498631047,422,7/2019,,"1Z 8Y3 429 80 8180 266 6",0384283135,23716154,Blue,"Human resources representative","Accord Investments","1992 Volvo 440",InventionSpecialist.be,O+,173.4,78.8,"5' 10""",178,8c71a8fa-5745-4192-acfc-e4d30767333b,50.760964,5.853945
19,male,French,Mr.,Toussaint,Y,Boivin,"Rue Fosse Piron 30",Sars-la-Buissière,WLX,Luxembourg,6542,BE,Belgium,ToussaintBoivin@einrot.com,Rectudid,oreiL8ool9ei,"Mozilla/5.0 (Macintosh; Intel Mac OS X 10_11_1) AppleWebKit/537.36 (KHTML, like Gecko) Chrome/46.0.2490.80 Safari/537.36","0473 71 34 16",32,Beauchamp,7/16/1989,Cancer,MasterCard,5287514911026378,304,9/2018,,"1Z 328 F19 36 6550 604 5",3988888598,26241019,Blue,"Staffing manager","Tech Hifi","2001 MCC Smart",RazorNeck.be,B+,150.5,68.4,"5' 10""",177,c7df2d0e-4d71-47f9-9049-f015f991570a,50.412631,4.316394
20,male,French,Mr.,Javier,A,Racicot,"Rue de Sy 475",Forêt,WLG,Liège,4870,BE,Belgium,JavierRacicot@jourrapide.com,Cled1932,Oog1euwoon,"Mozilla/5.0 (Windows NT 6.1; WOW64) AppleWebKit/537.36 (KHTML, like Gecko) Chrome/46.0.2490.86 Safari/537.36","0475 24 85 98",32,Garcia,2/5/1932,Aquarius,Visa,4532707147982523,091,6/2017,,"1Z 138 9W1 51 1522 039 5",6268804725,10194344,Blue,"Optical goods worker","Colonial Stores","1993 Citroen Xantia",SellText.be,O+,217.1,98.7,"5' 10""",177,d4eaebaa-fdd1-4ed7-a68b-d068437f33e0,50.653186,5.681605
21,male,French,Mr.,Florus,B,Henrichon,"Rue Henri Lambert 277",Hansbeke,VOV,"East Flanders",9850,BE,Belgium,FlorusHenrichon@gustr.com,Anneized,Wuyee5ma,"Mozilla/5.0 (Macintosh; Intel Mac OS X 10_10_4) AppleWebKit/537.36 (KHTML, like Gecko) Chrome/46.0.2490.86 Safari/537.36","0485 68 74 97",32,Desaulniers,5/7/1943,Taurus,MasterCard,5126776201365049,639,9/2016,,"1Z 571 V91 39 3050 502 6",5721837370,65443181,Blue,"Dental assistant",Tradewell,"1998 Chevrolet Venture",DomainNotebook.be,A+,209.7,95.3,"5' 6""",167,720b352a-84df-4cf7-a000-cd928cd9f185,51.11023,3.505927
22,female,French,Ms.,Mavise,T,Plante,"Rue de Baras 234",Thieu,WHT,Hainaut,7070,BE,Belgium,MavisePlante@rhyta.com,Alhas1938,neosiep1peF3,"Mozilla/5.0 (Macintosh; Intel Mac OS X 10_9_5) AppleWebKit/537.36 (KHTML, like Gecko) Chrome/46.0.2490.80 Safari/537.36","0473 52 63 03",32,Guérette,4/12/1938,Aries,MasterCard,5386519566976223,246,1/2017,,"1Z 6W6 471 32 5413 311 9",1385125545,22862868,Purple,Housekeeper,"Gas Depot","2006 Ferrari F430",TotallyCDs.be,A+,110.0,50.0,"5' 6""",168,92f7f630-2a4a-4e33-801c-21101f66d879,50.474842,4.249472
23,male,French,Mr.,Aleron,P,Desnoyers,"Lodewijk De Raetlaan 313",Cognelée,WNA,Namur,5022,BE,Belgium,AleronDesnoyers@teleworm.us,Thomfor51,ohFeek2jah3,"Mozilla/5.0 (Windows NT 6.1; WOW64; Trident/7.0; rv:11.0) like Gecko","0482 56 05 33",32,Plouffe,6/15/1951,Gemini,MasterCard,5111544678506348,443,5/2020,,"1Z 542 608 98 9691 568 0",4509652149,30771450,Green,Radiographer,"Golden Joy","2005 Smart ForTwo",StrictlyYoga.be,O+,207.7,94.4,"5' 6""",167,3c4b83d8-b2c1-4a54-9827-2d25dfcc052f,50.559621,4.86996
24,female,French,Mrs.,Rive,R,Pomerleau,"Lambrechtstraat 164",Wenduine,VWV,"West Flanders",8420,BE,Belgium,RivePomerleau@armyspy.com,Tharmis,jooPae6ziegh7,"Mozilla/5.0 (Macintosh; Intel Mac OS X 10_11_1) AppleWebKit/601.2.7 (KHTML, like Gecko) Version/9.0.1 Safari/601.2.7","0488 10 06 32",32,Brodeur,5/21/1973,Gemini,MasterCard,5176020693222114,898,10/2016,,"1Z 541 06F 56 7166 881 6",5203237016,27041094,Green,"Budget manager",Pointers,"1993 Chrysler Le Baron",BarRocket.be,O+,175.6,79.8,"5' 7""",171,adebdbb7-5842-4c7b-b4d6-bdaf62e006d5,51.308049,2.9886
25,male,French,Mr.,Roslyn,O,Joly,"Kerkstraat 310",Beuzet,WNA,Namur,5030,BE,Belgium,RoslynJoly@fleckens.hu,Bettpou,oriP0Xei5I,"Mozilla/5.0 (Windows NT 6.1; WOW64; rv:42.0) Gecko/20100101 Firefox/42.0","0481 64 89 61",32,L'Hiver,6/7/1943,Gemini,Visa,4485057744815552,576,5/2018,,"1Z 174 782 23 2394 578 6",8164482405,26574507,Blue,"Network systems and data communications analyst",Libera,"2014 Mercedes-Benz E-Class",FightListings.be,O+,179.7,81.7,"5' 6""",168,e93a6daf-5e78-4dcb-a457-26b030ef6716,50.542026,4.576422
26,female,French,Ms.,Pénélope,A,Charette,"Rue des Taillis 176",Gijverinkhove,VWV,"West Flanders",8691,BE,Belgium,PenelopeCharette@einrot.com,Woncirt,joh1Ev4quaiv,"Mozilla/5.0 (Windows NT 6.1; WOW64) AppleWebKit/537.36 (KHTML, like Gecko) Chrome/46.0.2490.86 Safari/537.36","0487 29 22 87",32,Dostie,2/25/1974,Pisces,Visa,4716655316889672,977,1/2019,,"1Z 402 A00 03 4758 066 6",2281255279,24359894,Blue,"Dairy farmer",Multicerv,"2007 Volkswagen Multivan",VirginiaBeachTrip.be,O+,164.3,74.7,"5' 4""",162,7025d8a9-bddb-4344-aaf7-997687c7b2d8,51.0004,2.682374
27,female,French,Mrs.,Belle,C,Doucet,"Hauwaart 433",Meldert,VOV,"East Flanders",9310,BE,Belgium,BelleDoucet@armyspy.com,Drecandlere25,EaChaa3ai,"Mozilla/5.0 (Windows NT 6.1; WOW64; rv:42.0) Gecko/20100101 Firefox/42.0","0490 36 48 73",32,Bonnet,5/4/1925,Taurus,Visa,4485062608645392,645,1/2019,,"1Z 197 620 34 8446 484 4",0969774099,30655159,Green,"Data processing equipment repairer",BASCO,"2004 Chevrolet S-10",DirectoryVideo.be,O+,169.4,77.0,"5' 6""",168,f35fd281-9708-4642-afa8-abbd4769deae,50.850462,3.981008
28,male,French,Mr.,Ansel,H,Brasseur,"Rue des Honnelles 99",Yvoir,WNA,Namur,5530,BE,Belgium,AnselBrasseur@armyspy.com,Penot1916,Oopho6uosh,"Mozilla/5.0 (Macintosh; Intel Mac OS X 10_11_1) AppleWebKit/537.36 (KHTML, like Gecko) Chrome/46.0.2490.86 Safari/537.36","0485 17 47 43",32,Sansouci,1/31/1916,Aquarius,Visa,4485153143707118,735,6/2019,,"1Z 1V2 508 58 4118 434 2",3804980213,20174277,Green,Oceanographer,"Kash n' Karry","2002 Toyota FXS",AffordableBoarding.be,A+,158.4,72.0,"5' 10""",179,40796b25-fad4-4ee0-8e2f-43517157ca3a,50.396236,4.941065
29,male,French,Mr.,Gabriel,C,Savard,"Rue du Château 100",Lodelinsart,WLX,Luxembourg,6042,BE,Belgium,GabrielSavard@cuvox.de,Flosoney,eohee7Teixei,"Mozilla/5.0 (Macintosh; Intel Mac OS X 10_11_0) AppleWebKit/537.36 (KHTML, like Gecko) Chrome/46.0.2490.86 Safari/537.36","0498 62 76 65",32,Roussel,7/4/2003,Cancer,MasterCard,5562973468147134,810,1/2017,,"1Z 455 887 12 1567 345 0",2767325043,78269190,Blue,Executive,"Williams Bros.","2006 SsangYong Chairman H",ClassCheats.be,O+,132.4,60.2,"4' 7""",139,ee263fe8-6ab0-4234-a280-a8b41ddbaaac,50.488239,4.392694
30,male,French,Mr.,Olivier,A,Pelchat,"Rue de Fontigny 355",Riksingen,VLI,Limburg,3700,BE,Belgium,OlivierPelchat@fleckens.hu,Accage,ThooCh8rei,"Mozilla/5.0 (X11; Linux x86_64) AppleWebKit/537.36 (KHTML, like Gecko) Chrome/47.0.2526.73 Safari/537.36","0495 11 97 83",32,Souplet,5/10/1950,Taurus,Visa,4716379718809952,401,7/2017,,"1Z 2V9 958 64 2343 522 5",8953287382,59108431,Blue,"Motorboat mechanic",FamilyMart,"1996 Venturi Coupe",CensoredChannel.be,A+,139.5,63.4,"5' 10""",178,c9de3d4c-bcfd-4ed8-b47b-e355eefea424,50.732948,5.38838
31,female,French,Ms.,Diane,P,Riquier,"Rue Camille Joset 26",Rouvreux,WLG,Liège,4140,BE,Belgium,DianeRiquier@superrito.com,Inarence91,fahn2axiaR,"Mozilla/5.0 (Macintosh; Intel Mac OS X 10_11_0) AppleWebKit/537.36 (KHTML, like Gecko) Chrome/46.0.2490.80 Safari/537.36","0497 50 37 31",32,Baron,5/25/1991,Gemini,Visa,4532627330242032,474,6/2020,,"1Z 728 570 66 5045 060 9",1918439739,67461863,Green,Laborer,"Singer Lumber","2014 Hyundai Sonata",GraySmoke.be,A+,216.0,98.2,"5' 7""",170,4b0a788f-167a-47c7-9cbb-c4cb82b53edd,50.459924,5.686419
32,male,French,Mr.,Pinabel,H,Barrientos,"Rue de Birmingham 350",Dikkebus,VWV,"West Flanders",8900,BE,Belgium,PinabelBarrientos@superrito.com,Yestruskin,quaiy7Ioth,"Mozilla/5.0 (Windows NT 10.0; Win64; x64) AppleWebKit/537.36 (KHTML, like Gecko) Chrome/46.0.2490.86 Safari/537.36","0471 43 29 00",32,Therriault,11/12/2009,Scorpio,MasterCard,5235365165410419,356,9/2018,,"1Z W36 7E5 12 8029 447 8",4637642977,95807862,Black,"Linguistic anthropologist","Specific Appraisals","2014 Subaru Legacy",SunHabits.be,A+,63.1,28.7,"3' 10""",117,1fae8803-fb98-4d33-b7cb-0c393cc86070,50.888495,2.839609
33,female,French,Mrs.,Olivie,L,Davignon,"Poolse Winglaan 213",Sint-Laureins,VOV,"East Flanders",9980,BE,Belgium,OlivieDavignon@armyspy.com,Conare,mu5Ohpei,"Mozilla/5.0 (Windows NT 10.0; Win64; x64) AppleWebKit/537.36 (KHTML, like Gecko) Chrome/46.0.2486.0 Safari/537.36 Edge/13.10586","0499 57 41 07",32,Souplet,12/24/1996,Capricorn,Visa,4539204176006443,567,8/2019,,"1Z 5A6 913 60 4248 356 0",4701897813,51516808,Red,"Cardiographic technician","Harvest Foods","1999 Mitsubishi Verada",CellCamcorder.be,O+,165.9,75.4,"5' 7""",170,cd6f8ba1-c1ad-4fa0-9a83-c1ba083639b9,51.275086,3.585843
34,male,French,Mr.,Arber,C,Lanteigne,"Heirstraat 298",Malvoisin,WNA,Namur,5575,BE,Belgium,ArberLanteigne@jourrapide.com,Queng1959,aewe0xohS,"Mozilla/5.0 (Windows NT 10.0; WOW64) AppleWebKit/537.36 (KHTML, like Gecko) Chrome/47.0.2526.73 Safari/537.36","0496 92 47 19",32,Clavet,7/28/1959,Leo,Visa,4556379156452680,563,2/2016,,"1Z 440 68E 28 3338 220 5",9902733326,68036256,Blue,"Soil scientist","J. Riggings","1997 Opel Omega",DonorRecruiter.be,O+,215.8,98.1,"6' 2""",187,6c8e4f63-c5cd-4a3e-8494-e5e4cd5c24a4,50.030843,4.861488
35,male,French,Mr.,Tabor,A,Bonenfant,"Rue du Bois Colau 243",Oekene,VWV,"West Flanders",8800,BE,Belgium,TaborBonenfant@teleworm.us,Keelithe,oKoh1oTh2be,"Mozilla/5.0 (Macintosh; Intel Mac OS X 10_11_1) AppleWebKit/537.36 (KHTML, like Gecko) Chrome/46.0.2490.86 Safari/537.36","0472 63 68 56",32,Langelier,11/26/1971,Sagittarius,Visa,4716738554051930,198,6/2016,,"1Z 619 580 91 8989 821 5",3641433310,23255952,Green,"Career-technical teacher",,"1992 Lexus LS",CoHeads.be,O+,163.7,74.4,"5' 9""",176,3a01a20e-df9b-4076-a0ee-6ea238875369,50.970412,3.210437
36,female,French,Ms.,Yvette,C,Guay,"Passiewijk 236",Nevele,VOV,"East Flanders",9850,BE,Belgium,YvetteGuay@dayrep.com,Appy1936,EiXooshi7ah,"Mozilla/5.0 (Macintosh; Intel Mac OS X 10_10_5) AppleWebKit/537.36 (KHTML, like Gecko) Chrome/46.0.2490.86 Safari/537.36","0499 41 25 62",32,Déziel,5/28/1936,Gemini,MasterCard,5472240434213906,214,11/2020,,"1Z W63 W63 00 0327 773 7",7557261968,76850049,Purple,Hairstylist,"First Rate Choice","1993 TVR Cerbera",JournalVoice.be,B+,208.3,94.7,"4' 11""",150,53b0ea99-fada-4f3a-bdcd-8dfa763a3b61,50.986131,3.627648
37,male,French,Mr.,Sébastien,J,Therriault,"Rue Basse 93",Pondrôme,WNA,Namur,5574,BE,Belgium,SebastienTherriault@teleworm.us,Figirs,heiM5aixah,"Mozilla/5.0 (Macintosh; Intel Mac OS X 10_9_5) AppleWebKit/537.36 (KHTML, like Gecko) Chrome/46.0.2490.86 Safari/537.36","0478 68 07 17",32,Casgrain,9/2/1954,Virgo,MasterCard,5390103430260553,369,11/2019,,"1Z 547 0V0 08 8122 039 2",6954488041,15164504,Blue,"Multiple machine tool setter",Patterson-Fletcher,"2005 Alfa Romeo 8C Competizione",MaterialStores.be,AB+,189.4,86.1,"6' 0""",184,914f9130-2218-4e70-9325-07c77cde36e1,50.168949,4.933009
38,male,French,Mr.,Marshall,C,Édouard,"Rue Basse 298",Pollare,VOV,"East Flanders",9401,BE,Belgium,MarshallEdouard@armyspy.com,Aftle1969,Iegoh1ioj3,"Mozilla/5.0 (Macintosh; Intel Mac OS X 10_10_4) AppleWebKit/537.36 (KHTML, like Gecko) Chrome/46.0.2490.86 Safari/537.36","0491 46 62 72",32,Chassé,2/21/1969,Pisces,MasterCard,5288281293598908,375,12/2016,,"1Z W76 V72 55 7736 636 0",9835901567,22303658,Blue,"Human resources representative","The Network Chef","1993 Lada Samara",AdvisorJob.be,O+,253.9,115.4,"5' 10""",178,6455a10e-5bfe-444a-9f2e-1e7a343c31bd,50.848619,3.953554
39,female,French,Ms.,Vivienne,A,Lamoureux,"Chaussée de Tirlemont 171",Waterloo,WBR,"Walloon Brabant",1410,BE,Belgium,VivienneLamoureux@einrot.com,Vild1921,moolu1eiJ,"Mozilla/5.0 (Macintosh; Intel Mac OS X 10.10; rv:42.0) Gecko/20100101 Firefox/42.0","0497 11 13 89",32,Lavallée,1/23/1921,Aquarius,MasterCard,5437582720131522,748,10/2016,,"1Z 187 086 97 5456 436 9",5221292800,89864243,Blue,"Land acquisition specialist","Video Concepts","2015 Hyundai Sonata Hybrid",StyleJungle.be,B+,176.7,80.3,"5' 1""",155,227d7b71-3990-4e29-b1d0-853f64dcbb8f,50.816293,4.41688
40,male,French,Mr.,Yves,H,Sylvain,"Westdorp 148",Tillier,WNA,Namur,5380,BE,Belgium,YvesSylvain@rhyta.com,Whishe,aiJeip0ee,"Mozilla/5.0 (Windows NT 6.3; WOW64) AppleWebKit/537.36 (KHTML, like Gecko) Chrome/46.0.2490.86 Safari/537.36","0473 52 87 60",32,DuLin,4/9/1965,Aries,MasterCard,5224861475366195,968,6/2017,,"1Z 88E 835 09 7305 275 5",8598951492,34736128,Blue,"Personal secretary",Grodins,"1995 BMW 525",CzechRoom.be,A+,171.4,77.9,"5' 7""",169,ecbf9797-0a7c-464d-a426-e0ac349225ed,50.623945,4.963876
41,female,French,Ms.,Anaïs,O,Marcheterre,"Rue du Cornet 243",Assenois,WHT,Hainaut,6860,BE,Belgium,AnaisMarcheterre@dayrep.com,Andindeford,daika5aiYae,"Mozilla/5.0 (Macintosh; Intel Mac OS X 10_11_1) AppleWebKit/537.36 (KHTML, like Gecko) Chrome/46.0.2490.86 Safari/537.36","0470 65 40 97",32,Ducharme,7/12/1988,Cancer,Visa,4929929085652899,832,11/2019,,"1Z 913 3Y0 82 1770 311 2",0194739322,79309535,Red,"Athletic director","The Sample","1996 Mini MK VII",NotebookShare.be,O+,108.0,49.1,"5' 4""",163,1f119536-0beb-4f1d-a535-919cb0a6ce5d,49.826464,5.570269
42,female,French,Mrs.,Cendrillon,V,Busque,"Rue Bois des Fosses 195",Oostkerke,VWV,"West Flanders",8600,BE,Belgium,CendrillonBusque@rhyta.com,Goll2000,ezoosh9EGh,"Mozilla/5.0 (Windows NT 6.1; WOW64) AppleWebKit/537.36 (KHTML, like Gecko) Chrome/46.0.2490.86 Safari/537.36","0493 26 59 66",32,Lang,10/21/2000,Libra,MasterCard,5545539251770986,584,12/2016,,"1Z 086 706 63 7762 492 2",0219684611,36303044,Blue,"Osteopathic doctor",Klopfenstein's,"1997 Mazda Sentia",MobileRoadMaps.be,A+,115.5,52.5,"5' 6""",168,da3e52d9-8d84-4d5d-b88d-da28f10f8134,51.005153,2.902205
43,female,French,Ms.,Trinette,O,Gervais,"Grote Baan 488",Kemzeke,VOV,"East Flanders",9190,BE,Belgium,TrinetteGervais@superrito.com,Hattell,ahHemiew4Qu,"Mozilla/5.0 (Macintosh; Intel Mac OS X 10_11_1) AppleWebKit/537.36 (KHTML, like Gecko) Chrome/46.0.2490.86 Safari/537.36","0476 35 61 35",32,Garceau,4/10/1916,Aries,Visa,4716083116734974,984,7/2019,,"1Z 445 454 46 4745 241 0",8666045940,85090205,Purple,Repairer,"Nickerson Farms","2002 Ford Tonka",Companyville.be,B+,139.5,63.4,"5' 6""",167,b152aee4-381e-4949-96b7-61aee9eaf2cd,51.26901,4.029791
44,female,French,Mrs.,Charlotte,C,Trottier,"Perksesteenweg 283",Mourcourt,WHT,Hainaut,7543,BE,Belgium,CharlotteTrottier@teleworm.us,Dartakifinee,ve5AlooPh,"Mozilla/5.0 (Windows NT 6.1; WOW64) AppleWebKit/537.36 (KHTML, like Gecko) Chrome/45.0.2454.101 Safari/537.36","0470 30 57 82",32,Pellerin,10/21/1998,Libra,MasterCard,5543321412558606,811,9/2018,,"1Z 060 671 74 1716 632 1",1094592795,30627207,Blue,"Recording engineer","Planet Pizza","2003 Dodge Intrepid",PowderCalcium.be,A+,96.8,44.0,"5' 7""",171,40c338a9-599a-4ff3-b74d-971b03666ac5,50.550967,3.365592
45,female,French,Ms.,Huette,R,Lemaître,"Schietboompleinstraat 231",Ledegem,VWV,"West Flanders",8880,BE,Belgium,HuetteLemaitre@dayrep.com,Tyrize,ZaYui7aek8h,"Mozilla/5.0 (Windows NT 10.0; WOW64) AppleWebKit/537.36 (KHTML, like Gecko) Chrome/47.0.2526.73 Safari/537.36","0493 97 23 84",32,Vadnais,9/9/1953,Virgo,MasterCard,5427527100191788,947,1/2016,,"1Z E68 448 28 1077 584 2",0398152014,36485565,Brown,"Directory assistance operator","Pantry Pride","1997 Chrysler Concorde",GroomingSets.be,B+,156.6,71.2,"5' 3""",159,787b8ab7-032a-4b0f-a0ae-2b580672fe80,50.839295,3.168105
46,male,French,Mr.,Christian,V,Laprise,"Rue Henri Lambert 49",Hansbeke,VOV,"East Flanders",9850,BE,Belgium,ChristianLaprise@rhyta.com,Comee1987,rou4upahQuai,"Mozilla/5.0 (Windows NT 6.1; Win64; x64) AppleWebKit/537.36 (KHTML, like Gecko) Chrome/46.0.2490.86 Safari/537.36","0483 81 41 54",32,Laforest,8/9/1987,Leo,Visa,4929970289805941,191,10/2017,,"1Z 965 19W 86 3016 674 6",0585610121,33556804,Blue,"Sound mixer",Ejecta,"2005 Mitsubishi Carisma",FuneralLife.be,O+,181.9,82.7,"5' 10""",178,3c32233e-1c3a-4087-9ecb-ef6e9f17ae8f,51.103142,3.509418
47,male,French,Mr.,Jesper,A,Joly,"Ringlaan 447",Driekapellen,VWV,"West Flanders",8600,BE,Belgium,JesperJoly@jourrapide.com,Youcent,lohb4ohTh3Qu,"Mozilla/5.0 (Windows NT 6.1; WOW64) AppleWebKit/537.36 (KHTML, like Gecko) Chrome/46.0.2490.86 Safari/537.36","0499 93 81 90",32,Racicot,5/28/1918,Gemini,MasterCard,5192591100545545,711,5/2016,,"1Z 313 804 22 0221 416 7",4205874474,27227151,Green,"Travel agent","Hughes & Hatcher","1996 Lincoln Mark VIII",MaleTrip.be,O-,167.9,76.3,"5' 6""",168,48410e80-5725-48b2-b88c-55ae8a508e99,51.004167,2.859934
48,female,French,Mrs.,Élisabeth,T,Langlais,"Touwslagerstraat 125",Zerkegem,VWV,"West Flanders",8490,BE,Belgium,ElisabethLanglais@cuvox.de,Busbashem,ieth5AhNg,"Mozilla/5.0 (Windows NT 10.0; Win64; x64) AppleWebKit/537.36 (KHTML, like Gecko) Chrome/46.0.2490.86 Safari/537.36","0476 98 50 79",32,Allain,10/23/1988,Scorpio,MasterCard,5452759574120435,934,2/2018,,"1Z 663 820 49 6612 561 8",9020872423,82055915,Purple,"Painting restorer",Opticomp,"2007 Cadillac SRX",BoxDeveloper.be,O+,177.3,80.6,"5' 7""",169,65e44ac0-5c1f-4f3d-bdc0-ff212d299ce4,51.191744,3.098908
49,male,French,Mr.,Loring,M,Chouinard,"Grote Baan 98",Kemexhe,WLG,Liège,4367,BE,Belgium,LoringChouinard@einrot.com,Catur1915,bei7aR0oh,"Mozilla/5.0 (Macintosh; Intel Mac OS X 10.11; rv:42.0) Gecko/20100101 Firefox/42.0","0496 95 63 76",32,Dubeau,9/27/1915,Libra,MasterCard,5184498255659974,759,1/2017,,"1Z E61 00W 77 3601 791 6",3869721367,93317134,Green,Slaughterer,"Audio Aid","1996 Honda CRX",LinkBroadcast.be,O+,163.2,74.2,"5' 7""",170,820703a1-1a97-42dc-8f67-2ecd813ce1cf,50.799437,5.471504
